fixation_duration_mean,fixation_duration_std,fixation_count,saccade_length_mean,saccade_velocity_mean,regression_count,reading_time_seconds,blink_rate,subject_id,label,data_source
251.75943938649374,28.659214563227795,100.7746452651759,8.857034322005223,34.36100382374128,9,84.0845263693985,0.1709778543260871,1257,0,real_anchor
177.80087415677275,31.934394077919944,64.27200887917154,5.045132379842741,18.78789809118065,6,83.30487539028836,0.11769699820485832,1003,0,real_anchor
326.27481576935514,60.85259742196294,59.56679670098596,5.95207353741051,32.49206937090727,10,91.99372967739444,0.12641216270490824,1417,1,real_anchor
286.73105940151675,69.43469711323657,96.96049802093972,6.476911963332917,34.18094236750054,9,93.60262081281898,0.1406870775002393,1040,0,real_anchor
177.69306462403898,85.275791929623,93.86353152193152,5.342955739584667,18.226985209098654,10,111.0020448299557,0.1620441177668846,1582,1,real_anchor
163.3801271225725,73.88116314355867,79.20071123532819,9.004688303017828,27.69932634785036,6,104.04140020556468,0.07909592565627105,1209,0,real_anchor
242.0312221742007,48.173189134259715,74.08548322444499,8.214796242906674,32.846020430495635,8,61.48824995270517,0.2629253390517972,1095,0,real_anchor
217.60665742110297,61.646412894764424,86.33943695317399,9.573576782652664,31.367267588493707,3,63.55022064934491,0.24711010412432788,1380,0,real_anchor
284.0759363372641,96.38857906124875,142.71548600047873,5.637340345275169,23.954801699375114,13,84.50152389811248,0.2481629210133257,1312,1,real_anchor
188.0825839834531,50.88502958643451,94.08326275357896,6.116897560159805,30.275582123538275,3,92.97924130829574,0.08474897613145235,1145,0,real_anchor
283.3668886174556,68.50583046382046,85.8754942369941,6.91944001130315,29.236158352551804,5,109.96098656712157,0.19130115945783674,1345,0,real_anchor
277.77855644859216,42.77570335546702,63.0730024265289,7.712244545161076,32.06793758471728,7,62.98782816441678,0.17837758456987413,1090,0,real_anchor
288.63168836586686,73.64976152900334,71.45824343768672,6.200174709371309,36.3004438109521,10,85.80543053296581,0.20655273745224317,1929,1,real_anchor
296.9982663832418,49.22002843803843,77.35599436409339,5.456540277203277,13.033390913480918,8,81.53785337287518,0.21497991602262664,1058,0,real_anchor
310.7130138238625,54.495688151452086,113.60165367872366,6.0538326287673865,24.34204814843221,4,90.10172399969036,0.21812226857167663,1859,1,real_anchor
187.7389145414219,69.20036705806838,135.96617775307695,7.687988161236139,32.23558694960713,4,96.84928767535736,0.18440085417826013,1322,0,real_anchor
305.28129312453746,71.20374617533736,118.38713755829504,10.179705863807666,28.071957927809695,10,41.95734502514288,0.2182143770023326,1729,1,real_anchor
232.26145695440505,82.28736473073681,140.5512272865995,9.090635839178839,23.39659793075097,12,76.15907887399453,0.20044748448012634,1009,1,real_anchor
333.3147665719,93.05717315483591,102.01831443798204,4.449486304050007,13.702947522649922,8,77.2220079849253,0.07298333221714899,1693,1,real_anchor
282.2540748957561,92.27021704868872,84.19146207315737,5.411448285366401,28.29596838599877,12,40.31145570273252,0.18501726464463342,1350,1,real_anchor
224.83257000501067,73.30385750637409,64.90696418195833,4.812148596877094,43.091451499149294,6,50.8726773351487,0.1066284824690525,1187,0,real_anchor
197.54887505778322,55.73483385628326,71.14412232207042,6.295798076262073,20.262970165587035,7,52.03625321969777,0.06320954254159879,1398,0,real_anchor
352.23977362707166,72.26413882298446,170.3402130433143,6.4365285061035795,32.046796095887316,11,91.17348829154807,0.2809089971580494,1166,1,real_anchor
226.50087848621587,56.16648114915282,68.64394634016597,9.349951155509997,28.700323438139744,4,100.71118139984632,0.24373972045314224,1314,0,real_anchor
211.44196978102912,19.191308018965316,111.80071929714497,6.060557475835865,30.57072957919807,10,68.11854437142314,0.22155323601773674,1073,0,real_anchor
265.63265472314737,48.71641313426899,91.52389336973732,4.787951051884747,18.629710425072357,16,71.26047071349231,0.19531280501135248,1571,1,real_anchor
314.2770052054342,51.577908915848745,139.22089833473035,2.249608649444287,23.658806793508862,11,94.6330910108753,0.2610375072571594,1115,1,real_anchor
305.0994235400243,59.06332296516592,125.00872511875244,5.623467935073657,35.100312162892706,9,121.18016691459238,0.18072319083610952,1300,1,real_anchor
307.70029363777934,91.19480721463904,110.92741466088965,4.093895499838743,30.078586693913948,10,72.57698841324228,0.19216783661386674,1349,1,real_anchor
258.69515516543356,37.1739817267186,88.94017432047872,6.399952973477674,43.12618123786961,3,52.14620278588524,0.07439171777228104,1235,0,real_anchor
402.79061804787534,73.30226125709403,97.97551991883586,4.409336677115101,34.24188322284385,9,109.40517502258136,0.20381947826993038,1626,1,real_anchor
262.64717409884616,111.8822508490795,126.5978772385341,5.739753657770653,29.073606752507033,9,90.68313322246078,0.18362315570546503,1113,1,real_anchor
206.82664990106545,49.8059286655872,78.17042951113972,4.311861734693727,43.20754168317455,4,89.53963257702739,0.06184087298993214,1271,0,real_anchor
240.24249994636673,98.962858074743,83.13425014205154,3.4060230828353166,29.072952111168092,11,95.67247699691288,0.1769281732910042,1082,1,real_anchor
268.87886824165224,36.526793359772824,56.7736230676899,10.919720090448106,36.79591723757941,9,90.83992755414961,0.1352162261685915,1160,0,real_anchor
347.093476099649,77.27493616904451,119.4872858607751,3.7113816118341476,23.92400332525704,7,71.15812526302462,0.2878536699986784,1421,1,real_anchor
228.73288982898188,36.14949273705663,131.0563726666713,5.435464516627112,31.465820711014434,7,73.70996838108158,0.19365279971080457,1033,0,real_anchor
188.79139376706095,50.202239254287065,94.1597819529094,10.422752998146233,26.11803323689806,6,68.94343965528424,0.14068672634548798,1189,0,real_anchor
189.65353313698182,77.3270871615201,86.91540352114305,12.238614187708691,37.927087542163974,4,44.818617821500865,0.15492723858806498,1075,0,real_anchor
320.78260333035854,42.27163026657598,122.43147962966611,3.9083367309969193,17.751874638195943,10,58.476529251151476,0.18265274268625187,1591,1,real_anchor
275.87897941618934,67.99174380155472,123.95604528437744,6.673976773460348,36.47645239692363,8,90.45797684659189,0.12782516091226714,1065,0,real_anchor
314.87348475678573,87.46791885364239,120.70394503546026,6.480644436598866,24.665442597463883,9,87.57714282676852,0.11505436815670278,1021,1,real_anchor
248.3969660991218,68.33455101897373,104.31589199832283,8.838785995489507,34.19872965427123,9,71.46527324046409,0.17093688734358423,1879,1,real_anchor
297.7688727686696,48.74066934906554,143.7635064615571,4.222342966671997,31.256082921118818,10,93.69170551384002,0.1352341046008492,1996,1,real_anchor
291.41771950274006,83.658978677419,126.14766740000195,5.483027661898414,38.74452310352761,14,123.07245257638326,0.10498106766461121,1993,1,real_anchor
247.02787282009572,45.82166769153255,129.92965579189578,8.621473879304965,36.11542283797051,9,19.26229171107385,0.1706733088728521,1186,0,real_anchor
282.92858278715045,63.35155286115819,94.76409536776956,8.039102326593252,19.995718210427313,3,38.08067144232017,0.1634758795959941,1284,0,real_anchor
297.29775518260755,82.50259934703918,83.16380517526699,5.260534678908831,25.531327789712595,16,73.85072539451357,0.07279754931791532,1134,1,real_anchor
272.3402459689542,94.84091450038105,54.42786081961271,7.07250096032273,22.79594965183629,2,109.0682928012879,0.13263892175029238,1274,0,real_anchor
288.716848821889,76.49482056812045,157.9241262380125,3.5626771257710312,22.37204110343608,8,102.78208759006311,0.2397420831539954,1405,1,real_anchor
250.90156692794912,34.459557669697105,134.8153087403657,6.895104635243069,41.57859903293705,13,92.41561377106945,0.20355342433377926,1263,0,real_anchor
319.72085242111973,86.12333960399528,110.33250045465238,5.447141266984777,30.46273667628387,9,68.63613794097047,0.24155021057311432,1744,1,real_anchor
204.85642990793835,87.0599237313506,105.03712965046432,6.294688812364636,21.107486999948776,10,69.13113899350736,0.1823347924140876,1869,1,real_anchor
217.41808310034844,89.26131423053005,127.99755159829726,6.355943728007673,23.903978434917207,5,84.74752920134505,0.08929728032185094,1109,0,real_anchor
209.12950401389625,77.2075586560353,61.21681226686931,8.101615488326736,31.229474650133824,3,75.39858394245071,0.07497807035851638,1377,0,real_anchor
249.8617183466162,90.20803436043872,91.73709750714852,7.6216168902937085,17.484078954332105,14,109.16973165273905,0.20067629428502143,1913,1,real_anchor
269.8671761825324,115.65596649804992,131.72649666191515,6.164229857036393,21.302018058223933,8,91.49589621771715,0.20275680206190977,1858,1,real_anchor
367.22177211789176,54.658449750574434,104.74026680565066,6.497985894278647,28.184066300858706,15,102.67544943491104,0.25723986669630394,1038,1,real_anchor
187.37928863687162,43.2857147467558,89.86683146527815,7.3903640908823744,39.08718425274687,6,77.79485803772262,0.20599877902052502,1318,0,real_anchor
338.2553095025314,60.68875334767293,110.75048463836268,5.900143468255404,30.26133030557108,14,114.6664173380382,0.17206628060812967,1174,1,real_anchor
192.44216256113074,73.03437452741734,123.77693826877227,4.67335134297716,9.960973439813301,14,115.36819876666729,0.10534764726834783,1903,1,real_anchor
216.58132335078238,26.3362186062049,126.59452839415664,7.838040244844623,33.13056710321182,5,35.12307213459752,0.12085360417934615,1016,0,real_anchor
293.9514185807753,96.6084717767313,117.35520757944539,5.734612782697068,26.504235012628044,9,42.06555467181947,0.19303387168863148,1476,1,real_anchor
267.2422282247603,52.88887796672821,106.74240862519831,10.858386125182012,33.89723199760885,9,98.04188954363617,0.12787500527663576,1255,0,real_anchor
274.117461888607,24.171455226438866,36.69552537319341,9.974703334207913,42.31346777155845,4,102.50540223828648,0.10532635351534067,1019,0,real_anchor
278.6340979359959,34.641681132226545,88.73332154981694,7.955939139346051,16.5573320623668,3,49.5050475316799,0.15517308889819395,1258,0,real_anchor
215.82012102633593,65.21081849135449,68.07601297238534,6.002802743518895,26.86227602366226,8,29.363950242904913,0.10976253551536339,1254,0,real_anchor
259.5706514034488,101.27691106157076,83.31086042898568,4.00890049762819,30.136344259553482,16,98.37683570417282,0.14231603497647755,1760,1,real_anchor
282.18867346914345,103.9248105089111,67.16803845985248,9.32494302025107,19.928839203822406,6,96.34011743241271,0.15868717005820637,1169,0,real_anchor
274.4782621315112,149.0188367181686,106.31279054177888,6.3466736827501355,36.33164333637456,15,139.14226853842354,0.1558804451922477,1459,1,real_anchor
259.6578236285238,72.12428107359034,127.68296483214388,7.91300585201663,29.233381125108615,8,80.98892482715584,0.18517233002893285,10000,0,synthetic
349.09191445509475,95.76198208272231,105.25143806392248,3.5358347690420646,25.701949652688892,5,153.4242413524378,0.23059045860136013,10001,1,synthetic
375.60666986818313,93.95219318696957,124.69936027928864,8.345799320010693,26.550190942805262,10,70.6227181280813,0.08755593022415509,10002,1,synthetic
302.02910450500417,56.761233485417996,98.78638207928647,5.655152977907051,21.253499300545506,13,50.452452002405366,0.19793508915504904,10003,1,synthetic
317.42507873195814,98.11663260777047,115.60723821897844,6.39306867402201,29.72490561717007,11,126.8781631508936,0.2205587313484154,10004,1,synthetic
171.70245199479382,26.816278664089257,74.40651432290952,11.253825646198864,51.399712538907934,7,54.15658147056624,0.07812787589362491,10005,0,synthetic
230.16677916714087,39.72421253212374,132.12182803753734,9.877948171001986,18.561093524717474,8,73.50304726145039,0.14055039489092777,10006,0,synthetic
336.7159205685974,111.98199655958601,124.45615190891704,5.378838443812002,28.26808766932986,17,81.93796294916197,0.17302400128137804,10007,1,synthetic
282.6282751129434,77.32506374196655,84.33124266928502,6.291525685720389,25.67866937966766,11,80.43590674292759,0.25052903951409583,10008,0,synthetic
246.63853530372776,92.21016066277484,121.0340828682658,6.746573480416796,35.04181804263475,6,51.187131027542186,0.2554697622207544,10009,0,synthetic
283.75166777623735,51.751489175192276,33.5639993453193,8.16682702241011,31.325902313295025,6,69.68143789080065,0.04013861640018797,10010,0,synthetic
311.99216899466006,55.498276650634345,62.63333253350247,5.721118971773519,31.332983418297246,9,106.79556783735683,0.3296356203436793,10011,1,synthetic
301.01684420426267,52.46994446738211,110.69180503571413,6.628084953494098,39.22854603556146,3,49.80058672941772,0.08508645673080059,10012,0,synthetic
250.91475363264112,60.346719836533204,91.57217965105157,9.794208126205373,32.34694782437727,4,57.19798328849866,0.19884039765964556,10013,0,synthetic
215.4365926435931,59.816740475820225,96.51160380677977,7.105843183977677,38.92436601889925,5,65.66281199363524,0.19822987885182386,10014,0,synthetic
303.4712691313163,108.07465101140414,80.51370131371773,9.809301458163443,9.589914743479259,11,61.70842957856932,0.12025858638949159,10015,1,synthetic
73.81730932809734,49.69078022492075,89.39592351789048,7.454262358378694,42.133166085412164,8,63.85853641283009,0.16959606763034596,10016,0,synthetic
306.05871550117774,90.09679285146726,167.0912446704349,8.935041270182037,28.625435063246382,8,98.85111695766965,0.17354797534403615,10017,1,synthetic
34.33729461318691,35.26157556300406,111.42919011469243,7.907443018608065,38.54490349021627,4,64.41082540187772,0.17325980027794347,10018,0,synthetic
140.20951259270203,68.35729739500769,94.41237017371311,8.937032974524062,22.46086978610935,8,67.48696416963861,0.15384033814283754,10019,0,synthetic
309.84727305175414,82.07149665426965,103.58459833727161,4.668161212419869,20.18461082876265,7,95.52235989824194,0.2517803691222148,10020,1,synthetic
311.26411354967377,64.7542932194561,104.74110585139576,4.448609321601401,27.02156805901342,10,80.26215690162446,0.18452397258876374,10021,1,synthetic
221.06641709230382,76.57592466997839,59.640854880799544,6.681500123525479,25.88073477463776,18,112.58550158080504,0.16992755583442132,10022,1,synthetic
245.83438769665838,77.7639578301499,121.69865094395017,7.580540512191036,27.98148011606993,11,130.46347499524262,0.2457638539834308,10023,1,synthetic
360.37975437377725,75.78643202524678,136.9825608205282,5.968436053400787,33.59160612650976,14,84.85487058730924,0.2148237578915162,10024,1,synthetic
208.37834276350281,98.74084857215672,49.033897493564005,5.113131330357715,18.643457792880056,5,85.64475755546496,0.18390880365925327,10025,0,synthetic
358.36061718216416,55.73574194691877,72.80316080002278,4.987560777308143,37.816733502021165,9,68.24918826956848,0.1001247996644842,10026,0,synthetic
284.894408075301,76.39038946592123,84.90591956193103,3.4738681162833904,26.05797336970549,13,104.77169628092412,0.11728423311609155,10027,1,synthetic
257.44198972846965,9.758627974966743,64.90086893497215,4.295042408003052,29.573526972128164,9,111.5787087488781,0.10593667140483792,10028,0,synthetic
373.92809191742344,61.433230904472026,116.3905222973694,6.086125111060049,15.702193359305767,5,108.20782903243438,0.14275071685916468,10029,1,synthetic
242.20649139063806,51.949311237503885,35.80554397029967,9.212574666903643,34.521340678638055,5,31.43805106856766,0.18717195611917486,10030,0,synthetic
229.87108106200594,66.22538844793722,130.97103139728367,5.877193162227825,9.10124504278274,14,106.89589515472701,0.2385590430176431,10031,1,synthetic
228.96499015681405,89.77927464768933,109.60023181827574,3.457294912525651,35.53875807867099,8,103.58872983941623,0.130692182628056,10032,0,synthetic
233.041409509545,54.20643116588697,83.47133271104028,6.975707217431267,20.555259151689057,3,68.68169192004554,0.22585514112946115,10033,0,synthetic
209.9392091289139,111.6342177343198,50.501578740401925,5.623241705724569,26.37420538832232,10,119.89523534682797,0.2621081636259078,10034,1,synthetic
270.9292360762547,83.41920658315847,89.09311572393787,9.463197875383248,25.16581813870456,11,79.4372270123533,0.19460393498403233,10035,1,synthetic
244.179434830141,82.85624023769627,147.05545028667012,3.422865548036755,34.18676703105719,9,60.34706017146543,0.13068649370741758,10036,1,synthetic
285.8396766453089,55.957681702612476,17.77214870105712,6.635848075581367,29.74941381690277,1,77.38805645198336,0.23452259896613242,10037,0,synthetic
236.90365308018906,58.08731378729356,80.9643912829685,10.199949556925759,26.14103007198034,7,31.844558702088463,0.1363389589382955,10038,0,synthetic
269.44623379688363,121.53228507014677,84.31997975985126,6.664963180289132,22.45378112820158,11,90.2454956905538,0.18756991178585847,10039,1,synthetic
229.1599938157583,4.648953284721983,110.91882784120575,8.257632224977922,39.910179381282646,4,104.88421430349207,0.1196236984636059,10040,0,synthetic
297.27171101233915,35.96444787791039,97.44703724427,6.094793542940593,29.754078784266255,11,50.16569026208926,0.12661258042216814,10041,1,synthetic
268.9247809829379,45.50707088570938,100.5028045391259,7.86090401571735,28.30059012933787,7,43.292076898066455,0.051881634181082506,10042,0,synthetic
230.01582742318402,82.33414128456408,129.7019708983964,7.221936201473511,24.344875060248405,6,71.23122611612214,0.21797209941343726,10043,1,synthetic
227.71268020583005,97.87240176957228,162.7418718329805,4.523873257882298,15.029760365901872,10,94.48032336693696,0.13299593676620278,10044,1,synthetic
345.75735684713914,92.88100555463193,109.72350946444037,7.39269958414394,28.719319405960785,9,87.22279714449098,0.36357187373980937,10045,1,synthetic
212.32147202873983,49.16234400374688,99.7771536101879,4.965894871294584,18.681290046131743,5,107.5792731607061,0.07483558504325127,10046,0,synthetic
157.07368490717192,81.43800494456053,51.38855754268666,7.8582255538136145,36.262575260848195,7,96.90435989820074,0.06455705150111782,10047,0,synthetic
259.40969901607076,81.69449427251281,120.95075264563735,7.603859637586756,31.90035114743886,8,85.88655070564636,0.17060832293680647,10048,0,synthetic
310.4853393317978,86.233330119246,95.22676995014452,4.852301750073417,42.70866259701746,7,99.49512754425324,0.2717588087380377,10049,1,synthetic
150.81066085088116,80.14112416719735,75.42039173371862,7.261435031946401,23.299051123929857,6,83.43751464763585,0.1438753794165933,10050,0,synthetic
297.6214943504983,88.27084105893897,114.42155733392052,4.841681740468561,25.28136536271557,9,75.312423472479,0.21433454521123646,10051,1,synthetic
325.45707008356055,69.08589038399367,74.3650070211639,4.0781077443350355,38.58801390646144,11,116.5730484853587,0.06938715495247742,10052,1,synthetic
255.59125484384447,74.04978729700011,95.94802075215239,6.698854939256805,39.339727482039905,4,47.310937895379176,0.099349307258494,10053,0,synthetic
269.7589816068767,60.54410181930959,115.15412309605028,5.423219319868175,26.126515638940703,10,94.04904785365355,0.075583056251746,10054,0,synthetic
207.7651996050088,82.0308164753532,122.61627941092958,6.4487556889585225,27.567771998614134,11,124.46742005085194,0.06629724900312714,10055,1,synthetic
303.20720852479076,115.87793216036022,73.68866333135315,3.944854659940982,26.01399549490561,7,101.06075045011409,0.18701881404143322,10056,1,synthetic
268.35591322912546,25.629941043578008,111.78095834742885,7.110360939084788,27.9736910717591,8,91.77088658491257,0.04543034270337398,10057,1,synthetic
258.4465412701445,49.3932640863299,134.29275147746677,3.891485584521006,21.109236948106194,6,105.60743779943216,0.10066824203475307,10058,1,synthetic
332.88055851808497,54.69738019338949,66.1722920848864,4.93729864351229,25.374757181094857,8,27.32355911758384,0.1477683723591949,10059,1,synthetic
316.36009808708263,49.64500510591747,62.05608364073944,6.238174206034196,19.813633373063006,5,81.25419724365108,0.09012284984293543,10060,0,synthetic
383.6903530030197,76.14401209538131,137.79013370611952,8.152749439087227,26.945864163076575,5,93.27950405184463,0.20378451013242405,10061,1,synthetic
307.3144329328248,23.331510101219905,97.02248128912944,7.861492907548206,34.15014471395283,13,72.78492528663222,0.1583348115141488,10062,0,synthetic
228.9646200103399,35.34136525685099,100.7112611352956,6.940052535674529,29.408064111492813,6,90.95678030954787,0.19362792475612742,10063,0,synthetic
254.39960896644888,38.20064139395788,138.34686499820612,8.147823049818529,19.694643765906484,5,72.20554588244653,0.1851430239627607,10064,0,synthetic
277.1752579481334,114.52075411774551,102.18237224116126,3.7177730095395303,37.91972303996024,4,46.63503544037221,0.20844876736168286,10065,0,synthetic
241.6647872114704,99.44006479818438,107.10508827126266,7.226672897610457,33.55167526594962,8,70.60633590019093,0.13988489599945678,10066,0,synthetic
292.1920303351349,72.52976339325306,185.47938370767648,9.295774102268098,20.91789431609316,8,97.62133161793979,0.19820801404900018,10067,1,synthetic
280.30642225319,49.637584322943624,84.44108148964725,7.524989060884543,29.035796872133552,10,76.7584138779443,0.1706908221151515,10068,0,synthetic
281.73945446857374,55.56830806466924,94.25504814591912,6.015452387587871,15.495314180527128,11,99.88606481484163,0.18849940184346153,10069,1,synthetic
244.88921849944862,38.113000495818866,126.12270635442545,6.831818245391734,18.82212910555467,14,120.94485707804529,0.15616834140497557,10070,1,synthetic
212.20398137902777,55.31175571260395,101.41376676411127,8.822528913634388,27.235320575500022,5,47.93517072718046,0.1200534479396138,10071,0,synthetic
269.86507077535583,35.049404385387405,76.30539980939858,3.9043066220872387,39.598945685961056,6,78.2168109479564,0.09094649610020208,10072,0,synthetic
285.16463101599754,80.04843777177378,88.15767749157396,3.0400449809552548,21.52347626378767,7,126.95831276683778,0.20529700979458976,10073,1,synthetic
253.71154872775858,21.195265472000017,150.05595497434203,7.657495194846449,35.48149561530131,6,32.369324073507315,0.13435908955489068,10074,0,synthetic
321.85435832112046,64.47458745886408,123.4979302300886,4.684709844774234,22.23178657996894,15,100.31152033872128,0.1402095749617941,10075,1,synthetic
264.3837195406315,85.4184231919651,95.96058008354603,8.130442945773854,27.735632925963124,16,81.95091595264697,0.14026531084052443,10076,1,synthetic
276.59364899963936,66.42282074903056,113.81418785926957,6.764203537195119,30.010231484993383,7,65.10295077264549,0.0673760763330327,10077,0,synthetic
255.8363431902117,67.60185505106634,87.1622260594053,4.011297749287699,37.1113962006492,4,52.28461992285387,0.198730480474232,10078,0,synthetic
217.08528021986868,51.628753364388146,108.42508239573638,3.7443763413652054,22.256320632470096,12,91.93078282318935,0.18471706017190725,10079,1,synthetic
314.32676351524344,77.65777179311792,104.61909466977683,2.625550766628022,19.992302249982913,7,118.1901347462457,0.08823199882560381,10080,0,synthetic
257.4590390933696,63.59513097815744,81.41106102597607,5.501986586619049,16.32635678045457,11,65.65367133174686,0.22851286497612108,10081,1,synthetic
193.9697561248149,96.55573203596805,124.16830730184648,5.579746983650549,22.2768575424007,4,67.92935994050814,0.14637307141233763,10082,1,synthetic
177.52259597275338,57.75531043778156,139.73682500102555,6.578413393370774,22.25658020525363,5,42.753570316075894,0.05560996237926606,10083,0,synthetic
178.84251616269228,26.3430875212072,102.12061921713008,9.134094366350556,33.87148410975686,9,115.45803887907442,0.20127333735314798,10084,0,synthetic
237.86953252616433,50.727452794632676,80.21848530162993,9.337483722078378,27.739622845993456,6,62.90384706748911,0.10777418062603322,10085,0,synthetic
269.93822219495695,90.40336606746665,101.8152627088657,5.6103396802946115,42.622245850185024,13,95.38466255165582,0.15546605458747262,10086,1,synthetic
266.4742417797674,96.09820375091577,104.33116069302716,2.2710207652893453,13.835997834040075,12,86.33320941345025,0.18247080122095063,10087,1,synthetic
319.08360810153636,78.75727835877836,108.39697037075769,6.949378686836839,27.42543225096861,15,73.33385091832581,0.2485553533674069,10088,1,synthetic
253.6931448655987,93.23091448382422,80.17703014828493,8.244112388464577,23.10432883546032,7,68.35638448125356,0.1412022374519787,10089,0,synthetic
302.3826328854357,105.17274773269085,138.82409746793874,6.425965669266807,22.54619061732125,7,154.99784653767745,0.10805297243128618,10090,1,synthetic
307.5405651530781,76.09695532280568,69.93656331656643,7.568515573823797,26.989936313383808,7,129.40970210338213,0.2126326202467308,10091,1,synthetic
318.8874067401231,99.25280167914973,137.41200131071548,3.9197922360162325,9.722400375879992,12,75.52949237298546,0.15090061654429654,10092,1,synthetic
119.06256620224063,102.47725015932829,80.12815034629341,10.714884156514735,32.65778281751619,3,89.54177847348046,0.25327543829176796,10093,0,synthetic
264.9558961254546,127.09114581800962,124.80064242807968,4.268972819658825,39.320352235919174,17,76.04345345600697,0.1799328166801266,10094,1,synthetic
165.08844645307892,53.756002741082554,85.69831433477754,7.173678976241453,22.82593191141985,10,53.3671766676907,0.045897870126080015,10095,1,synthetic
286.98329597387874,60.68973844338554,149.54440773808534,3.031508919497303,27.818654997638568,10,120.46826202395111,0.20144189832934042,10096,1,synthetic
284.745186527661,116.15313209487857,147.3865089644687,4.318550031640914,33.17445185187779,11,123.84222831944521,0.2966758675356137,10097,1,synthetic
342.5042751134324,57.65953583073434,139.9493536695019,8.477826699433072,24.852325499811023,11,121.10525402514958,0.27455521731272337,10098,1,synthetic
350.3198915996617,51.58155393429138,75.61637582936797,5.456470300898555,21.933278680279617,9,84.72323401873025,0.2898572573253939,10099,1,synthetic
246.15262765388022,46.817534993921925,111.55714784771737,8.727868428725756,15.069845173947733,6,69.99738238395233,0.0788143888771122,10100,0,synthetic
207.48014074317052,67.66521431791547,100.52623227852843,7.702824160822718,35.486935035764816,3,91.99437328779496,0.19472914375860673,10101,0,synthetic
261.6838611900156,55.64487574794478,48.262947574553245,7.121571134799706,30.20782113189772,8,83.39590489635458,0.09668032761579731,10102,0,synthetic
205.96452994716276,43.03703673067138,89.3682680219588,9.618545552385573,23.911213040282867,6,64.55270068887094,0.15345736396501547,10103,0,synthetic
234.9234041706158,42.4931133803363,99.47789671486483,6.897679998091769,31.886176971943854,4,35.14227631716405,0.06362285427561606,10104,0,synthetic
289.23749743284225,41.6162475185077,104.45795711940193,4.2727452171421,26.91423750235673,4,76.7330046594083,0.10133265410703704,10105,0,synthetic
254.3225759705817,61.77127854084432,119.60879554067024,4.534491843682102,22.301017082191322,14,121.89623134166672,0.13942519815818308,10106,1,synthetic
279.31232515833756,110.47755617734941,97.57201683803187,8.237025938792879,35.24403809276096,8,45.25788106318023,0.19391331680855697,10107,0,synthetic
322.2570752780766,88.84275463726776,153.3138961985805,6.572365480816265,16.63132312073309,10,111.33022516022345,0.22804314730017933,10108,1,synthetic
182.4864500578048,78.39545825130898,121.87688165767767,4.636000974599755,38.33120700251631,7,81.95700068320862,0.15660918375984925,10109,0,synthetic
288.5641770519571,46.75121823326475,15.456571201648671,6.068617717006058,21.216196858171173,6,92.00355831757601,0.058974714916676885,10110,0,synthetic
323.42114899543276,77.72299642472088,106.74659757422026,4.911073706356181,21.361090141513152,12,116.92741199325617,0.1613016339630168,10111,1,synthetic
240.60592380549616,41.588258428481836,85.71907328385727,6.678701690005817,44.46062335846604,2,57.33283419379153,0.09523301102343645,10112,0,synthetic
243.07220980847913,21.010708296858354,69.44543710909875,3.5609468993773628,33.89148333149696,13,57.19297439604129,0.23218054540166946,10113,1,synthetic
187.74366897834363,26.30578663249908,92.44875951404012,6.231769116196887,31.683227947468083,4,61.1955313836109,0.21069109116903106,10114,0,synthetic
255.42855827033378,40.35577036045092,147.46770208267316,4.6613621750588035,19.416288491491486,7,117.33905562064817,0.24338313516185298,10115,1,synthetic
264.84269548105783,6.254973107113031,61.74923565064465,8.611606541595263,27.29509385310075,11,60.991906315376696,0.09468683483497878,10116,0,synthetic
182.4406157929231,30.506743591143636,98.74642440593668,8.675506228683414,31.512927202099874,6,57.3429602274166,0.0,10117,0,synthetic
309.06317367409287,112.47398062577751,91.18858959029262,5.652122221249013,26.26266262637719,6,52.28759179380868,0.07398228611219673,10118,1,synthetic
216.7034459116884,80.97796814279985,97.5302873843284,5.233532347019757,25.36390349261826,13,138.06354130922253,0.2652976186849325,10119,1,synthetic
223.7762278558633,87.682966533387,128.41223448842092,7.537871330466492,30.78417240141071,10,93.81712739420743,0.11592470364081058,10120,0,synthetic
241.03062650157048,67.45259926872014,75.89349667709256,5.911822317325522,29.499374232064202,9,92.47750355059435,0.09495652290409326,10121,0,synthetic
369.4821579782404,75.99885299144866,102.01752471427625,5.3503854603153504,20.906148850519912,7,97.22540928270737,0.23855961760617406,10122,0,synthetic
209.2476389463798,61.27936910799477,66.34832898241433,4.301623944826281,22.384424804874172,11,109.84100067704163,0.2559095967292996,10123,1,synthetic
365.96080115695736,94.05087194643143,163.42025659626688,4.8208176212485245,32.402368377907926,5,90.1361074756913,0.18146692331518718,10124,1,synthetic
293.2413327693004,98.76042738370995,130.66896360396896,3.9220945403531395,16.42165991714218,11,92.06966150106716,0.16239581453616156,10125,1,synthetic
257.61445549087796,44.73711227862506,85.2550040910932,7.575501250406887,29.67311141922505,8,63.738455249789006,0.1320739272312125,10126,0,synthetic
241.50913523635126,70.86942852417182,104.96420925999726,8.540516645432303,25.261722498604094,6,137.23377810596,0.15362976790324798,10127,0,synthetic
259.4599750007378,71.02231844722115,53.344694847356934,4.601932888642989,31.779453005786777,5,87.34188875118662,0.2360028368791765,10128,0,synthetic
276.547319260089,69.36028971400809,145.7457992855691,5.942718809067257,23.27956773253227,9,84.86878940756557,0.2053480454542336,10129,1,synthetic
364.9727599801602,56.17632605776711,106.57639583709282,5.5261091480472295,36.341755654822684,9,107.17192257999072,0.22356174198234846,10130,1,synthetic
259.89408706764027,54.76504836633974,109.69419260874069,6.4805647654125655,29.546082079331775,14,71.73914597144838,0.2501562065442103,10131,1,synthetic
297.27290146985865,59.989627464193624,77.21695401089741,7.2780040942239,21.81737783955952,8,110.10816124614145,0.06981943993853489,10132,0,synthetic
249.55980838828373,89.52122698215425,99.9030635286148,3.428881224116228,30.69859608129589,14,80.13434170062864,0.22529171354844257,10133,1,synthetic
281.6861484479292,63.77190589946797,133.06143590233862,3.753938191942819,20.57743700616556,8,108.02605038293918,0.1623258747203033,10134,1,synthetic
226.04205962403796,82.61146285050027,121.6535781027098,5.950020078494454,21.961025400357265,11,121.58346311383522,0.02903428825363405,10135,1,synthetic
260.0263046191136,71.12235183118517,106.94545167647904,9.048927563567366,33.196733140749856,4,83.23444506091982,0.012309827480851299,10136,0,synthetic
314.4819276309594,72.21838643730192,89.77133807337515,3.535881469226895,27.557768061889057,5,76.26727980367131,0.07891294330887888,10137,0,synthetic
280.745410109853,117.69324276281723,128.3431950880067,6.487735185662686,32.24999071426069,11,96.25925003654436,0.2118733937155549,10138,1,synthetic
274.17128657128495,111.370559140555,104.109932657949,7.922357408988994,20.578429569406232,15,94.64541367470943,0.18682797392041778,10139,1,synthetic
223.69606703126402,58.970297046599484,172.97302787664825,5.639856010449438,21.667374131860456,12,82.15923626573995,0.19106200243053983,10140,1,synthetic
222.38890405462305,96.72248281937452,49.233809172807035,8.235344243244949,26.405403745163238,6,63.212397685527094,0.2570566089612015,10141,0,synthetic
197.39631571531598,69.78754039521856,147.7843704126376,4.704782562473737,22.04052876151473,11,131.51016896762243,0.10385462310841126,10142,1,synthetic
234.7917107304645,106.03207468645184,150.56559371874525,5.69707746122931,33.69434088883469,9,93.39512081555624,0.1783539987489766,10143,1,synthetic
297.47323253600246,83.56369239917504,92.84387104489457,3.144447018876143,30.40157405527212,11,77.14088953481345,0.19826613136882892,10144,1,synthetic
307.5457258757768,48.52056429548975,147.9611138744553,3.3146163756879146,42.9696076780845,8,61.60885767532379,0.09582361300769988,10145,0,synthetic
439.5065973676227,40.422972225176544,140.88274735657828,7.502701862082969,41.87350942729478,12,122.40889633673336,0.18169960470497645,10146,1,synthetic
202.73782032110046,54.05401626502399,115.2496141773957,5.625508622868448,23.78498077647362,5,90.21455919594749,0.044003039954939316,10147,0,synthetic
363.9415086154992,46.134185587971,115.7285768626728,5.125602663494169,26.492933891291024,11,109.44790027757416,0.2645943730365017,10148,1,synthetic
298.40638642209063,104.24788242438376,109.35211988631441,3.543048169440672,17.766597783495968,9,89.819491226165,0.13910312684817397,10149,1,synthetic
226.68137942894933,92.8862311142027,84.55537049697018,4.903051504757411,25.55675850576213,3,87.76069928415069,0.2618840098867102,10150,0,synthetic
258.79269484493835,39.67104724617612,100.15379550430745,7.004475909839152,26.589422428210312,9,58.55453300118445,0.13805154056495272,10151,0,synthetic
288.40540660239776,88.94532707794323,151.4308431508813,4.659718769969402,18.59991588103208,14,89.76926324770142,0.24168321392395098,10152,1,synthetic
241.071764908672,41.31599499381657,94.7141696643969,7.942550696590987,23.636789089711105,1,97.27530769740189,0.13680182786053074,10153,0,synthetic
212.5416760445332,43.544851206853835,66.30246579843045,8.069315312265307,29.990009350358214,8,94.98266429405754,0.13815537006436823,10154,0,synthetic
208.1039687110632,99.81337818890354,136.43510362200948,6.445444398751833,17.48297107129515,5,72.43416369718072,0.14495824000667953,10155,1,synthetic
200.10061386128552,81.11361997760152,138.9499194062646,6.305621344578355,31.89488871396343,10,75.46736513019418,0.18714743576197665,10156,1,synthetic
270.9284685804675,98.01190496441328,107.02114773964243,9.982205948384205,24.5757252380774,4,76.60885166752183,0.15907992166484286,10157,0,synthetic
219.78149504528577,46.90865298983282,109.38297156964956,5.485090592623694,50.666982790674744,9,115.42717699206824,0.09294448946508922,10158,0,synthetic
202.21511051891082,80.98473564691325,82.95586861589699,7.20661072745504,27.840308843249232,12,28.02643605274414,0.13249733504840697,10159,0,synthetic
235.46780946977344,60.24050849802899,65.84628165460494,9.2255726948833,31.504123493419364,7,80.6799905496921,0.1033940680365732,10160,0,synthetic
328.7212739103595,100.30289422411737,92.42697080333973,8.049717675874662,16.932611708737753,14,62.97496004224445,0.3179798441768903,10161,1,synthetic
294.9200168664519,71.71537388141122,72.47795554009569,3.4830017961142263,37.942642306893475,11,80.77605615538691,0.17461615380530288,10162,1,synthetic
198.91697848474678,56.860146736313595,96.16066390019469,6.768995749185021,38.83650476562041,14,65.25371796645821,0.23271392910179356,10163,0,synthetic
352.4461125606922,79.3435257761245,112.83033163610857,8.208805862974343,28.078411095152788,8,85.90779975751462,0.1682626601515387,10164,1,synthetic
321.85520266398976,38.7706863585469,78.56031968222757,8.16373447883841,21.572382158543043,6,61.188897448179,0.15555725849209448,10165,0,synthetic
262.2006160427569,73.22787529538031,13.153910567028191,7.631947153515614,32.47466814407234,10,74.17296944903288,0.06071815570128386,10166,0,synthetic
288.55149312392496,72.95572712830237,57.56974578795161,6.929936021161083,23.149982677879215,7,61.15386640086612,0.11317564448792813,10167,0,synthetic
303.3077998247596,71.65175798282803,119.14185693648234,6.6475384262968324,41.236486844313525,10,38.901022763500336,0.1526320802473548,10168,0,synthetic
297.15546240224825,93.35021004010582,72.7197239983586,7.789972407253551,36.66436312297221,10,92.71687070054664,0.235160229857592,10169,0,synthetic
